date,close,adjclose
2019-12-30,110.62000274658203,93.30680847167969
2019-12-31,110.22000122070312,92.96939849853516
2020-01-02,110.7300033569336,93.3995590209961
2020-01-03,111.47000122070312,94.02375030517578
2020-01-06,111.3499984741211,93.92252349853516
2020-01-07,111.19000244140625,93.78756713867188
2020-01-08,110.93000030517578,93.5682601928711
2020-01-09,111.01000213623047,93.63574981689453
2020-01-10,111.25,93.83816528320312
2020-01-13,111.12000274658203,93.72853088378906
2020-01-14,111.33999633789062,93.91409301757812
2020-01-15,111.62000274658203,94.15025329589844
2020-01-16,111.38999938964844,93.95626831054688
2020-01-17,111.30000305175781,93.88034057617188
2020-01-21,111.73999786376953,94.25146484375
2020-01-22,111.76000213623047,94.26834106445312
2020-01-23,112.04000091552734,94.5045166015625
2020-01-24,112.44000244140625,94.8419418334961
2020-01-27,113.19999694824219,95.4830093383789
2020-01-28,112.81999969482422,95.16244506835938
2020-01-29,113.36000061035156,95.61795043945312
2020-01-30,113.47000122070312,95.71074676513672
2020-01-31,114.04000091552734,96.1915054321289
2020-02-03,113.79000091552734,96.10955810546875
2020-02-04,113.12999725341797,95.5521469116211
2020-02-05,112.63999938964844,95.1382827758789
2020-02-06,112.72000122070312,95.20582580566406
2020-02-07,113.26000213623047,95.66194152832031
2020-02-10,113.4800033569336,95.84774780273438
2020-02-11,113.20999908447266,95.61968994140625
2020-02-12,112.91999816894531,95.37476348876953
2020-02-13,113.0199966430664,95.459228515625
2020-02-14,113.30000305175781,95.69572448730469
2020-02-18,113.4800033569336,95.84774780273438
2020-02-19,113.45999908447266,95.83087921142578
2020-02-20,113.79000091552734,96.10955810546875
2020-02-21,114.25,96.49808502197266
2020-02-24,115.13999938964844,97.24980926513672
2020-02-25,115.45999908447266,97.52009582519531
2020-02-26,115.4000015258789,97.46944427490234
2020-02-27,115.95999908447266,97.94239044189453
2020-02-28,117.26000213623047,99.0404281616211
2020-03-02,117.04000091552734,98.97277069091797
2020-03-03,118.4000015258789,100.12284851074219
2020-03-04,118.13999938964844,99.90296936035156
2020-03-05,119.19000244140625,100.79084777832031
2020-03-06,120.4000015258789,101.8141098022461
2020-03-09,121.4800033569336,102.72738647460938
2020-03-10,119.25,100.84162902832031
2020-03-11,118.05999755859375,99.83531188964844
2020-03-12,118.12000274658203,99.88603973388672
2020-03-13,117.3499984741211,99.2348861694336
2020-03-16,120.44999694824219,101.85638427734375
2020-03-17,117.43000030517578,99.30258178710938
2020-03-18,115.80000305175781,97.92422485351562
2020-03-19,116.18000030517578,98.24555206298828
2020-03-20,119.13999938964844,100.74859619140625
2020-03-23,120.55000305175781,101.94095611572266
2020-03-24,119.7300033569336,101.24749755859375
2020-03-25,119.80000305175781,101.30671691894531
2020-03-26,120.08999633789062,101.55199432373047
2020-03-27,120.9800033569336,102.30457305908203
2020-03-30,121.26000213623047,102.54137420654297
2020-03-31,121.4800033569336,102.72738647460938
2020-04-01,121.83000183105469,103.1456069946289
2020-04-02,121.8499984741211,103.16252136230469
2020-04-03,121.94000244140625,103.23875427246094
2020-04-06,121.38999938964844,102.7730941772461
2020-04-07,120.8499984741211,102.31592559814453
2020-04-08,120.69999694824219,102.18890380859375
2020-04-09,120.95999908447266,102.40904998779297
2020-04-13,120.69999694824219,102.18890380859375
2020-04-14,120.86000061035156,102.32437896728516
2020-04-15,121.94000244140625,103.23875427246094
2020-04-16,122.06999969482422,103.3487777709961
2020-04-17,121.75,103.0778579711914
2020-04-20,122.06999969482422,103.3487777709961
2020-04-21,122.41000366210938,103.63663482666016
2020-04-22,122.02999877929688,103.31493377685547
2020-04-23,122.11000061035156,103.38267517089844
2020-04-24,122.13999938964844,103.40806579589844
2020-04-27,121.48999786376953,102.8577651977539
2020-04-28,122.0199966430664,103.3064956665039
2020-04-29,121.95999908447266,103.25566101074219
2020-04-30,121.66999816894531,103.0101318359375
2020-05-01,121.70999908447266,103.15254974365234
2020-05-04,121.7300033569336,103.16950988769531
2020-05-05,121.63999938964844,103.09323120117188
2020-05-06,121.19000244140625,102.71183013916016
2020-05-07,121.93000030517578,103.3389892578125
2020-05-08,121.52999877929688,102.99996948242188
2020-05-11,121.19000244140625,102.71183013916016
2020-05-12,121.58999633789062,103.05081939697266
2020-05-13,121.83999633789062,103.2627182006836
2020-05-14,122.02999877929688,103.42378234863281
2020-05-15,121.94999694824219,103.35595703125
2020-05-18,121.19999694824219,102.7203140258789
2020-05-19,121.54000091552734,103.00846099853516
2020-05-20,121.56999969482422,103.03389739990234
2020-05-21,121.6500015258789,103.10171508789062
2020-05-22,121.87999725341797,103.29664611816406
2020-05-26,121.55999755859375,103.02544403076172
2020-05-27,121.66000366210938,103.11015319824219
2020-05-28,121.55000305175781,103.01696014404297
2020-05-29,121.94000244140625,103.34748840332031
2020-06-01,121.7699966430664,103.3067626953125
2020-06-02,121.56999969482422,103.13706970214844
2020-06-03,120.8499984741211,102.52623748779297
2020-06-04,120.37000274658203,102.1190185546875
2020-06-05,119.7699966430664,101.61001586914062
2020-06-08,119.9000015258789,101.72029876708984
2020-06-09,120.33000183105469,102.08509063720703
2020-06-10,121.2300033569336,102.84862518310547
2020-06-11,121.66000366210938,103.21342468261719
2020-06-12,121.38999938964844,102.98435974121094
2020-06-15,121.29000091552734,102.89954376220703
2020-06-16,121.04000091552734,102.68745422363281
2020-06-17,121.2300033569336,102.84862518310547
2020-06-18,121.5,103.07766723632812
2020-06-19,121.54000091552734,103.11162567138672
2020-06-22,121.43000030517578,103.01831817626953
2020-06-23,121.38999938964844,102.98435974121094
2020-06-24,121.62000274658203,103.17948913574219
2020-06-25,121.63999938964844,103.19646453857422
2020-06-26,121.97000122070312,103.4764175415039
2020-06-29,122.08999633789062,103.5782241821289
2020-06-30,121.87000274658203,103.39159393310547
2020-07-01,121.56999969482422,103.23025512695312
2020-07-02,121.72000122070312,103.35762023925781
2020-07-06,121.54000091552734,103.20478057861328
2020-07-07,121.93000030517578,103.5359115600586
2020-07-08,121.73999786376953,103.37457275390625
2020-07-09,122.12999725341797,103.70576477050781
2020-07-10,121.88999938964844,103.5019760131836
2020-07-13,122.0199966430664,103.61235809326172
2020-07-14,122.01000213623047,103.60388946533203
2020-07-15,121.97000122070312,103.56991577148438
2020-07-16,122.05999755859375,103.64632415771484
2020-07-17,122.02999877929688,103.62088012695312
2020-07-20,122.11000061035156,103.68878173828125
2020-07-21,122.23999786376953,103.7991943359375
2020-07-22,122.27999877929688,103.83312225341797
2020-07-23,122.4000015258789,103.9350357055664
2020-07-24,122.33999633789062,103.88406372070312
2020-07-27,122.1500015258789,103.72274780273438
2020-07-28,122.44000244140625,103.96900939941406
2020-07-29,122.5999984741211,104.10487365722656
2020-07-30,122.7699966430664,104.24920654296875
2020-07-31,122.80000305175781,104.27468872070312
2020-08-03,122.63999938964844,104.22370910644531
2020-08-04,123.05999755859375,104.58064270019531
2020-08-05,122.6500015258789,104.232177734375
2020-08-06,122.79000091552734,104.35120391845703
2020-08-07,122.52999877929688,104.13021087646484
2020-08-10,122.4000015258789,104.01972961425781
2020-08-11,121.9800033569336,103.66284942626953
2020-08-12,121.62000274658203,103.35687255859375
2020-08-13,121.37000274658203,103.14439392089844
2020-08-14,121.43000030517578,103.19539642333984
2020-08-17,121.62999725341797,103.36538696289062
2020-08-18,121.83999633789062,103.54383087158203
2020-08-19,121.68000030517578,103.40785217285156
2020-08-20,122.02999877929688,103.70529174804688
2020-08-21,122.12000274658203,103.78176879882812
2020-08-24,121.94999694824219,103.63732147216797
2020-08-25,121.66000366210938,103.39087677001953
2020-08-26,121.61000061035156,103.34835815429688
2020-08-27,121.18000030517578,102.98297119140625
2020-08-28,121.37999725341797,103.15288543701172
2020-08-31,121.51000213623047,103.26338958740234
2020-09-01,121.81999969482422,103.60186004638672
2020-09-02,121.98999786376953,103.74642944335938
2020-09-03,122.1500015258789,103.88255310058594
2020-09-04,121.47000122070312,103.30420684814453
2020-09-08,121.7300033569336,103.52530670166016
2020-09-09,121.66999816894531,103.47433471679688
2020-09-10,121.81999969482422,103.60186004638672
2020-09-11,122.01000213623047,103.7634506225586
2020-09-14,121.9000015258789,103.66992950439453
2020-09-15,121.83999633789062,103.61885833740234
2020-09-16,121.7699966430664,103.559326171875
2020-09-17,121.80999755859375,103.59341430664062
2020-09-18,121.69999694824219,103.49979400634766
2020-09-21,121.91999816894531,103.68693542480469
2020-09-22,121.91999816894531,103.68693542480469
2020-09-23,121.91999816894531,103.68693542480469
2020-09-24,121.9800033569336,103.73795318603516
2020-09-25,122.08000183105469,103.82295227050781
2020-09-28,122.05999755859375,103.80596923828125
2020-09-29,122.1500015258789,103.88255310058594
2020-09-30,121.81999969482422,103.60186004638672
2020-10-01,121.80999755859375,103.66059875488281
2020-10-02,121.69000244140625,103.55847930908203
2020-10-05,120.91999816894531,102.90320587158203
2020-10-06,121.19999694824219,103.14148712158203
2020-10-07,120.8499984741211,102.84363555908203
2020-10-08,121.06999969482422,103.03083801269531
2020-10-09,121.01000213623047,102.97978210449219
2020-10-12,121.13999938964844,103.09042358398438
2020-10-13,121.41000366210938,103.3201675415039
2020-10-14,121.44999694824219,103.35424041748047
2020-10-15,121.31999969482422,103.24357604980469
2020-10-16,121.25,103.18403625488281
2020-10-19,121.05000305175781,103.01383972167969
2020-10-20,120.79000091552734,102.79257202148438
2020-10-21,120.62999725341797,102.65641021728516
2020-10-22,120.20999908447266,102.2989501953125
2020-10-23,120.37999725341797,102.44365692138672
2020-10-26,120.69999694824219,102.71595764160156
2020-10-27,120.97000122070312,102.94573974609375
2020-10-28,120.95999908447266,102.93724060058594
2020-10-29,120.44999694824219,102.50324249267578
2020-10-30,120.05999755859375,102.17131805419922
2020-11-02,120.19000244140625,102.34675598144531
2020-11-03,119.91999816894531,102.1167984008789
2020-11-04,120.93000030517578,102.97686767578125
2020-11-05,120.91000366210938,102.95985412597656
2020-11-06,120.5,102.61072540283203
2020-11-09,119.61000061035156,101.85283660888672
2020-11-10,119.2699966430664,101.56330871582031
2020-11-11,119.45999908447266,101.72511291503906
2020-11-12,120.13999938964844,102.30415344238281
2020-11-13,119.9800033569336,102.16795349121094
2020-11-16,119.88999938964844,102.09130859375
2020-11-17,120.19999694824219,102.35527038574219
2020-11-18,120.16000366210938,102.32119750976562
2020-11-19,120.29000091552734,102.43190002441406
2020-11-20,120.5,102.61072540283203
2020-11-23,120.26000213623047,102.40634155273438
2020-11-24,120.06999969482422,102.24455261230469
2020-11-25,120.11000061035156,102.27862548828125
2020-11-27,120.47000122070312,102.58518981933594
2020-11-30,120.38999938964844,102.51705169677734
2020-12-01,119.66999816894531,101.97169494628906
2020-12-02,119.47000122070312,101.80130004882812
2020-12-03,119.79000091552734,102.0739517211914
2020-12-04,119.31999969482422,101.6734619140625
2020-12-07,119.69000244140625,101.98873138427734
2020-12-08,119.80999755859375,102.09101867675781
2020-12-09,119.63999938964844,101.94613647460938
2020-12-10,119.91000366210938,102.17623901367188
2020-12-11,120.1500015258789,102.38072967529297
2020-12-14,120.08000183105469,102.32108306884766
2020-12-15,119.95999908447266,102.21881866455078
2020-12-16,119.86000061035156,102.13359832763672
2020-12-17,119.69999694824219,102.05939483642578
2020-12-18,119.5999984741211,101.97417449951172
2020-12-21,119.68000030517578,102.04236602783203
2020-12-22,119.87999725341797,102.2129135131836
2020-12-23,119.62999725341797,101.99976348876953
2020-12-24,119.80000305175781,102.14469909667969
2020-12-28,119.80999755859375,102.15319061279297
2020-12-29,119.79000091552734,102.13616943359375
2020-12-30,119.87000274658203,102.2043685913086
2020-12-31,119.94999694824219,102.2725830078125
2021-01-04,119.9800033569336,102.2981948852539
2021-01-05,119.69999694824219,102.05939483642578
2021-01-06,119,101.46257019042969
2021-01-07,118.58000183105469,101.1044921875
2021-01-08,118.23999786376953,100.81460571289062
2021-01-11,118.01000213623047,100.61848449707031
2021-01-12,117.98999786376953,100.60145568847656
2021-01-13,118.4000015258789,100.95099639892578
2021-01-14,118.12999725341797,100.72079467773438
2021-01-15,118.44999694824219,100.99363708496094
2021-01-19,118.5199966430664,101.05328369140625
2021-01-20,118.56999969482422,101.095947265625
2021-01-21,118.4000015258789,100.95099639892578
2021-01-22,118.58000183105469,101.1044921875
2021-01-25,119.05999755859375,101.51376342773438
2021-01-26,119.0199966430664,101.4796371459961
2021-01-27,119.16000366210938,101.59900665283203
2021-01-28,118.8499984741211,101.334716796875
2021-01-29,118.63999938964844,101.15564727783203
2021-02-01,118.70999908447266,101.28192901611328
2021-02-02,118.41000366210938,101.0259780883789
2021-02-03,118.12000274658203,100.77854919433594
2021-02-04,118.08000183105469,100.74440002441406
2021-02-05,117.83000183105469,100.5311050415039
2021-02-08,117.87999725341797,100.57376861572266
2021-02-09,117.97000122070312,100.65057373046875
2021-02-10,118.2699966430664,100.90650939941406
2021-02-11,118.18000030517578,100.82971954345703
2021-02-12,117.79000091552734,100.49700164794922
2021-02-16,116.94000244140625,99.77177429199219
2021-02-17,117.0199966430664,99.84002685546875
2021-02-18,117.01000213623047,99.83148956298828
2021-02-19,116.54000091552734,99.43048095703125
2021-02-22,116.3499984741211,99.26837921142578
2021-02-23,116.44000244140625,99.34514617919922
2021-02-24,116.27999877929688,99.20867919921875
2021-02-25,114.7300033569336,97.88623809814453
2021-02-26,115.76000213623047,98.7650375366211
2021-03-01,115.55999755859375,98.65399932861328
2021-03-02,115.7699966430664,98.83332061767578
2021-03-03,115.1500015258789,98.30401611328125
2021-03-04,114.58000183105469,97.81739044189453
2021-03-05,114.41999816894531,97.68082427978516
2021-03-08,113.97000122070312,97.29663848876953
2021-03-09,114.51000213623047,97.75761413574219
2021-03-10,114.75,97.96250915527344
2021-03-11,114.70999908447266,97.92839813232422
2021-03-12,113.87999725341797,97.21981048583984
2021-03-15,114.0199966430664,97.33930969238281
2021-03-16,114,97.32221221923828
2021-03-17,113.80999755859375,97.16006469726562
2021-03-18,113.0999984741211,96.55390930175781
2021-03-19,113.02999877929688,96.49417877197266
2021-03-22,113.4000015258789,96.80998992919922
2021-03-23,113.95999908447266,97.28809356689453
2021-03-24,114.11000061035156,97.41613006591797
2021-03-25,113.95999908447266,97.28809356689453
2021-03-26,113.58000183105469,96.96371459960938
2021-03-29,113.19000244140625,96.63077545166016
2021-03-30,113.08999633789062,96.54540252685547
2021-03-31,112.93000030517578,96.40878295898438
2021-04-01,113.36000061035156,96.83589172363281
2021-04-05,113.04000091552734,96.56254577636719
2021-04-06,113.58999633789062,97.03236389160156
2021-04-07,113.5199966430664,96.97258758544922
2021-04-08,113.91000366210938,97.30572509765625
2021-04-09,113.61000061035156,97.0494613647461
2021-04-12,113.54000091552734,96.98963165283203
2021-04-13,114.01000213623047,97.39115142822266
2021-04-14,113.87000274658203,97.27156066894531
2021-04-15,114.5999984741211,97.89517211914062
2021-04-16,114.29000091552734,97.63034057617188
2021-04-19,114.16999816894531,97.52782440185547
2021-04-20,114.51000213623047,97.81828308105469
2021-04-21,114.56999969482422,97.86954498291016
2021-04-22,114.66000366210938,97.9464340209961
2021-04-23,114.51000213623047,97.81828308105469
2021-04-26,114.38999938964844,97.71575164794922
2021-04-27,113.94000244140625,97.33133697509766
2021-04-28,114.08999633789062,97.45947265625
2021-04-29,113.88999938964844,97.28865051269531
2021-04-30,113.98999786376953,97.37406921386719
2021-05-03,114.11000061035156,97.53990173339844
2021-05-04,114.26000213623047,97.66809844970703
2021-05-05,114.4000015258789,97.78781127929688
2021-05-06,114.44999694824219,97.83050537109375
2021-05-07,114.48999786376953,97.86471557617188
2021-05-10,114.26000213623047,97.66809844970703
2021-05-11,114.06999969482422,97.50569915771484
2021-05-12,113.5199966430664,97.03557586669922
2021-05-13,113.9000015258789,97.36039733886719
2021-05-14,114.1500015258789,97.57408142089844
2021-05-17,114.04000091552734,97.48004913330078
2021-05-18,114.04000091552734,97.48004913330078
2021-05-19,113.69999694824219,97.189453125
2021-05-20,114.16999816894531,97.59117126464844
2021-05-21,114.20999908447266,97.6253662109375
2021-05-24,114.31999969482422,97.71939849853516
2021-05-25,114.73999786376953,98.07838439941406
2021-05-26,114.61000061035156,97.96729278564453
2021-05-27,114.41000366210938,97.79634857177734
2021-05-28,114.4000015258789,97.78781127929688
2021-06-01,114.30000305175781,97.7697982788086
2021-06-02,114.43000030517578,97.88104248046875
2021-06-03,114.13999938964844,97.6329574584961
2021-06-04,114.7699966430664,98.17183685302734
2021-06-07,114.68000030517578,98.09485626220703
2021-06-08,115.01000213623047,98.37714385986328
2021-06-09,115.37000274658203,98.6850814819336
2021-06-10,115.77999877929688,99.0357894897461
2021-06-11,115.61000061035156,98.89041137695312
2021-06-14,115.25,98.5823974609375
2021-06-15,115.2699966430664,98.59954833984375
2021-06-16,114.4800033569336,97.923828125
2021-06-17,114.88999938964844,98.27449798583984
2021-06-18,115.54000091552734,98.83050537109375
2021-06-21,115.16999816894531,98.51399230957031
2021-06-22,115.37999725341797,98.69361877441406
2021-06-23,115.1500015258789,98.49689483642578
2021-06-24,115.12999725341797,98.4797592163086
2021-06-25,114.88999938964844,98.27449798583984
2021-06-28,115.25,98.5823974609375
2021-06-29,115.30999755859375,98.63372039794922
2021-06-30,115.48999786376953,98.78773498535156
2021-07-01,115.33000183105469,98.71671295166016
2021-07-02,115.75,99.07617950439453
2021-07-06,116.36000061035156,99.59831237792969
2021-07-07,116.69999694824219,99.88934326171875
2021-07-08,117,100.14610290527344
2021-07-09,116.41000366210938,99.64110565185547
2021-07-12,116.3499984741211,99.5897445678711
2021-07-13,115.98999786376953,99.28160858154297
2021-07-14,116.48999786376953,99.7095718383789
2021-07-15,116.9800033569336,100.12902069091797
2021-07-16,116.95999908447266,100.11187744140625
2021-07-19,117.95999908447266,100.96785736083984
2021-07-20,117.80999755859375,100.83941650390625
2021-07-21,117.12999725341797,100.25737762451172
2021-07-22,117.4000015258789,100.48851776123047
2021-07-23,117.22000122070312,100.33440399169922
2021-07-26,117.13999938964844,100.26595306396484
2021-07-27,117.63999938964844,100.69393157958984
2021-07-28,117.73999786376953,100.7795181274414
2021-07-29,117.37999725341797,100.47138977050781
2021-07-30,117.70999908447266,100.75383758544922
2021-08-02,118.1500015258789,101.19577026367188
2021-08-03,118.18000030517578,101.22148132324219
2021-08-04,118.1500015258789,101.19577026367188
2021-08-05,117.72000122070312,100.82746124267578
2021-08-06,117.02999877929688,100.23652648925781
2021-08-09,116.77999877929688,100.02239990234375
2021-08-10,116.55999755859375,99.8339614868164
2021-08-11,116.69000244140625,99.94529724121094
2021-08-12,116.56999969482422,99.84253692626953
2021-08-13,117.23999786376953,100.41636657714844
2021-08-16,117.5,100.63907623291016
2021-08-17,117.44000244140625,100.58763885498047
2021-08-18,117.37999725341797,100.53628540039062
2021-08-19,117.63999938964844,100.75897979736328
2021-08-20,117.52999877929688,100.6647720336914
2021-08-23,117.55999755859375,100.69046783447266
2021-08-24,117.23999786376953,100.41636657714844
2021-08-25,116.77999877929688,100.02239990234375
2021-08-26,116.77999877929688,100.02239990234375
2021-08-27,117.16000366210938,100.34785461425781
2021-08-30,117.38999938964844,100.54484558105469
2021-08-31,117.16999816894531,100.35643005371094
2021-09-01,117.13999938964844,100.39925384521484
2021-09-02,117.27999877929688,100.51924896240234
2021-09-03,117,100.27928161621094
2021-09-07,116.54000091552734,99.88501739501953
2021-09-08,116.86000061035156,100.15929412841797
2021-09-09,117.19000244140625,100.4421157836914
2021-09-10,116.81999969482422,100.12504577636719
2021-09-13,116.95999908447266,100.2449951171875
2021-09-14,117.4000015258789,100.62214660644531
2021-09-15,117.19999694824219,100.45068359375
2021-09-16,116.83000183105469,100.13359832763672
2021-09-17,116.48999786376953,99.84214782714844
2021-09-20,117.08000183105469,100.34786987304688
2021-09-21,117.01000213623047,100.28784942626953
2021-09-22,117.12000274658203,100.38211822509766
2021-09-23,116.05999755859375,99.4736557006836
2021-09-24,115.70999908447266,99.17362213134766
2021-09-27,115.4000015258789,98.90792083740234
2021-09-28,114.95999908447266,98.53079986572266
2021-09-29,115.08000183105469,98.63365936279297
2021-09-30,115.22000122070312,98.7536849975586
2021-10-01,115.61000061035156,99.15679931640625
2021-10-04,115.47000122070312,99.03668975830078
2021-10-05,115.11000061035156,98.72792053222656
2021-10-06,115.13999938964844,98.7536849975586
2021-10-07,114.68000030517578,98.35912322998047
2021-10-08,114.43000030517578,98.14471435546875
2021-10-11,114.1500015258789,97.90457916259766
2021-10-12,114.66999816894531,98.35057830810547
2021-10-13,114.88999938964844,98.53926849365234
2021-10-14,115.16000366210938,98.77081298828125
2021-10-15,114.58999633789062,98.28195190429688
2021-10-18,114.43000030517578,98.14471435546875
2021-10-19,114.0199966430664,97.79305267333984
2021-10-20,113.97000122070312,97.75019073486328
2021-10-21,113.66999816894531,97.49286651611328
2021-10-22,113.95999908447266,97.7416000366211
2021-10-25,114.0999984741211,97.8616714477539
2021-10-26,114.23999786376953,97.98174285888672
2021-10-27,114.87999725341797,98.53067016601562
2021-10-28,114.58000183105469,98.27337646484375
2021-10-29,114.62999725341797,98.31625366210938
2021-11-01,114.54000091552734,98.30853271484375
2021-11-02,114.81999969482422,98.54882049560547
2021-11-03,114.45999908447266,98.23986053466797
2021-11-04,115.08000183105469,98.77202606201172
2021-11-05,115.70999908447266,99.312744140625
2021-11-08,115.20999908447266,98.88356018066406
2021-11-09,115.73999786376953,99.33846282958984
2021-11-10,114.75,98.4887466430664
2021-11-11,114.37999725341797,98.17121887207031
2021-11-12,114.62000274658203,98.37718963623047
2021-11-15,114.16999816894531,97.99097442626953
2021-11-16,114.06999969482422,97.90512084960938
2021-11-17,114.4800033569336,98.25703430175781
2021-11-18,114.55000305175781,98.31708526611328
2021-11-19,114.86000061035156,98.58317565917969
2021-11-22,114.0199966430664,97.86222839355469
2021-11-23,113.55000305175781,97.45884704589844
2021-11-24,113.9000015258789,97.75923156738281
2021-11-26,115.37000274658203,99.0208969116211
2021-11-29,115.11000061035156,98.79777526855469
2021-11-30,115.80000305175781,99.38994598388672
2021-12-01,115.93000030517578,99.57719421386719
2021-12-02,115.68000030517578,99.36248016357422
2021-12-03,116.36000061035156,99.94658660888672
2021-12-06,115.77999877929688,99.44837188720703
2021-12-07,115.33999633789062,99.07044982910156
2021-12-08,114.97000122070312,98.75260925292969
2021-12-09,115.26000213623047,99.0017318725586
2021-12-10,115.33999633789062,99.07044982910156
2021-12-13,115.88999938964844,99.54287719726562
2021-12-14,115.69000244140625,99.37109375
2021-12-15,115.5199966430664,99.22505187988281
2021-12-16,115.75,99.51393127441406
2021-12-17,116.01000213623047,99.73745727539062
2021-12-20,115.91000366210938,99.65145111083984
2021-12-21,115.44999694824219,99.25598907470703
2021-12-22,115.55999755859375,99.35057830810547
2021-12-23,115.31999969482422,99.14427947998047
2021-12-27,115.36000061035156,99.17863464355469
2021-12-28,115.33999633789062,99.16144561767578
2021-12-29,114.75,98.65416717529297
2021-12-30,115.12999725341797,98.98091125488281
2021-12-31,115,98.86912536621094
2022-01-03,113.93000030517578,97.94921112060547
2022-01-04,113.87000274658203,97.89763641357422
2022-01-05,113.38999938964844,97.48497009277344
2022-01-06,113.11000061035156,97.24424743652344
2022-01-07,112.73999786376953,96.9261245727539
2022-01-10,112.70999908447266,96.90035247802734
2022-01-11,112.9800033569336,97.13247680664062
2022-01-12,113,97.14965057373047
2022-01-13,113.36000061035156,97.45919036865234
2022-01-14,112.58000183105469,96.78858947753906
2022-01-18,111.7300033569336,96.05780792236328
2022-01-19,112,96.28994750976562
2022-01-20,112.23999786376953,96.49628448486328
2022-01-21,112.88999938964844,97.05509948730469
2022-01-24,112.79000091552734,96.9690933227539
2022-01-25,112.63999938964844,96.84017181396484
2022-01-26,111.83999633789062,96.15238189697266
2022-01-27,112.30999755859375,96.55646514892578
2022-01-28,112.56999969482422,96.77996826171875
2022-01-31,112.56999969482422,96.77996826171875
2022-02-01,112.30999755859375,96.64917755126953
2022-02-02,112.54000091552734,96.84710693359375
2022-02-03,112.05999755859375,96.43402862548828
2022-02-04,111.19999694824219,95.69393920898438
2022-02-07,111.2300033569336,95.71977996826172
2022-02-08,110.87000274658203,95.40997314453125
2022-02-09,111.0199966430664,95.53905487060547
2022-02-10,110,94.66128540039062
2022-02-11,111.13999938964844,95.64234924316406
2022-02-14,110.37000274658203,94.97969818115234
2022-02-15,110.04000091552734,94.69571685791016
2022-02-16,110.2699966430664,94.89363861083984
2022-02-17,110.86000061035156,95.4013671875
2022-02-18,111.22000122070312,95.71118927001953
2022-02-22,111.20999908447266,95.70254516601562
2022-02-23,110.62999725341797,95.20345306396484
2022-02-24,110.88999938964844,95.42720794677734
2022-02-25,110.86000061035156,95.4013671875
2022-02-28,112.12000274658203,96.48567199707031
2022-03-01,113.11000061035156,97.42540740966797
2022-03-02,111.41000366210938,95.96111297607422
2022-03-03,111.88999938964844,96.37457275390625
2022-03-04,113,97.33061218261719
2022-03-07,112.5199966430664,96.91718292236328
2022-03-08,111.79000091552734,96.28842163085938
2022-03-09,111.0999984741211,95.694091796875
2022-03-10,110.58999633789062,95.25484466552734
2022-03-11,110.55999755859375,95.22895812988281
2022-03-14,109.16000366210938,94.02314758300781
2022-03-15,109.11000061035156,93.98004913330078
2022-03-16,108.95999908447266,93.8508529663086
2022-03-17,108.75,93.66996002197266
2022-03-18,109.06999969482422,93.94562530517578
2022-03-21,107.6500015258789,92.7225341796875
2022-03-22,107.05999755859375,92.21431732177734
2022-03-23,107.77999877929688,92.83445739746094
2022-03-24,107.18000030517578,92.31768798828125
2022-03-25,106.08000183105469,91.37023162841797
2022-03-28,106.31999969482422,91.5769271850586
2022-03-29,106.8499984741211,92.03343200683594
2022-03-30,107.2699966430664,92.3951644897461
2022-03-31,107.47000122070312,92.56749725341797
2022-04-01,106.6500015258789,91.96470642089844
2022-04-04,106.58000183105469,91.90433502197266
2022-04-05,105.30999755859375,90.80923461914062
2022-04-06,104.94000244140625,90.49018096923828
2022-04-07,104.68000030517578,90.2659683227539
2022-04-08,104.1500015258789,89.8089599609375
2022-04-11,103.6500015258789,89.37781524658203
2022-04-12,104.1500015258789,89.8089599609375
2022-04-13,104.37999725341797,90.00728607177734
2022-04-14,103.44000244140625,89.19672393798828
2022-04-18,103.13999938964844,88.93803405761719
2022-04-19,102.45999908447266,88.3516616821289
2022-04-20,103.26000213623047,89.04151916503906
2022-04-21,102.69000244140625,88.55001831054688
2022-04-22,102.73999786376953,88.5931167602539
2022-04-25,103.4000015258789,89.16222381591797
2022-04-26,104.08999633789062,89.75717163085938
2022-04-27,103.51000213623047,89.25709533691406
2022-04-28,103.36000061035156,89.12773895263672
2022-04-29,102.80999755859375,88.6534652709961
2022-05-02,101.91999816894531,87.99302673339844
2022-05-03,102.04000091552734,88.09660339355469
2022-05-04,102.69999694824219,88.6664047241211
2022-05-05,101.66999816894531,87.77717590332031
2022-05-06,101.08999633789062,87.27641296386719
2022-05-09,101.83999633789062,87.92394256591797
2022-05-10,102.18000030517578,88.21747589111328
2022-05-11,102.80999755859375,88.76139068603516
2022-05-12,103.1500015258789,89.0549087524414
2022-05-13,102.61000061035156,88.58871459960938
2022-05-16,103.04000091552734,88.95996856689453
2022-05-17,102.26000213623047,88.28656005859375
2022-05-18,102.98999786376953,88.91679382324219
2022-05-19,103.36000061035156,89.2362289428711
2022-05-20,103.83999633789062,89.6506118774414
2022-05-23,103.20999908447266,89.10671997070312
2022-05-24,104.0999984741211,89.87509155273438
2022-05-25,104.30999755859375,90.05641174316406
2022-05-26,104.26000213623047,90.01325225830078
2022-05-27,104.41000366210938,90.14277648925781
2022-05-31,103.31999969482422,89.2016830444336
2022-06-01,102.61000061035156,88.699462890625
2022-06-02,102.76000213623047,88.8291244506836
2022-06-03,102.55999755859375,88.65620422363281
2022-06-06,101.79000091552734,87.9906234741211
2022-06-07,102.19999694824219,88.34503173828125
2022-06-08,101.81999969482422,88.01655578613281
2022-06-09,101.7300033569336,87.93877410888672
2022-06-10,100.7300033569336,87.0743408203125
2022-06-13,98.94000244140625,85.52701568603516
2022-06-14,98.1500015258789,84.84408569335938
2022-06-15,99.5199966430664,86.02833557128906
2022-06-16,100.16999816894531,86.59028625488281
2022-06-17,100.19999694824219,86.61617279052734
2022-06-21,99.68000030517578,86.16668701171875
2022-06-22,100.94000244140625,87.25584411621094
2022-06-23,101.51000213623047,87.74855041503906
2022-06-24,101.1500015258789,87.43738555908203
2022-06-27,100.58000183105469,86.94466400146484
2022-06-28,100.70999908447266,87.05703735351562
2022-06-29,101.5199966430664,87.75719451904297
2022-06-30,102.30000305175781,88.43148040771484
2022-07-01,103.23999786376953,89.37948608398438
2022-07-05,103.62000274658203,89.70846557617188
2022-07-06,102.73999786376953,88.94660186767578
2022-07-07,102.11000061035156,88.40121459960938
2022-07-08,101.48999786376953,87.8644027709961
2022-07-11,102.29000091552734,88.55699920654297
2022-07-12,102.52999877929688,88.7647933959961
2022-07-13,102.97000122070312,89.14571380615234
2022-07-14,102.4000015258789,88.65225982666016
2022-07-15,102.75,88.95526123046875
2022-07-18,102.44999694824219,88.6955337524414
2022-07-19,101.9800033569336,88.28861999511719
2022-07-20,101.87999725341797,88.2020492553711
2022-07-21,103.04000091552734,89.2063217163086
2022-07-22,104.22000122070312,90.2279052734375
2022-07-25,103.8499984741211,89.90760803222656
2022-07-26,103.88999938964844,89.94219970703125
2022-07-27,104.0999984741211,90.1240234375
2022-07-28,105.12999725341797,91.01573181152344
2022-07-29,105.16999816894531,91.05033111572266
2022-08-01,105.5999984741211,91.58284759521484
2022-08-02,104.13999938964844,90.31665802001953
2022-08-03,104.56999969482422,90.68955993652344
2022-08-04,105.0999984741211,91.14922332763672
2022-08-05,103.58000183105469,89.83100891113281
2022-08-08,104.19000244140625,90.3600082397461
2022-08-09,103.87999725341797,90.09114837646484
2022-08-10,103.94000244140625,90.14323425292969
2022-08-11,103.25,89.5447998046875
2022-08-12,103.66000366210938,89.900390625
2022-08-15,103.98999786376953,90.18657684326172
2022-08-16,103.87000274658203,90.08251953125
2022-08-17,103.16999816894531,89.47537994384766
2022-08-18,103.37000274658203,89.64889526367188
2022-08-19,102.4800033569336,88.87699890136719
2022-08-22,102.02999877929688,88.48673248291016
2022-08-23,101.77999877929688,88.26992797851562
2022-08-24,101.44000244140625,87.97504425048828
2022-08-25,102.08999633789062,88.53874969482422
2022-08-26,101.97000122070312,88.4347152709961
2022-08-29,101.38999938964844,87.93167877197266
2022-08-30,101.36000061035156,87.9056625366211
2022-08-31,100.94000244140625,87.54141235351562
2022-09-01,99.95999908447266,86.84552001953125
2022-09-02,100.5199966430664,87.33202362060547
2022-09-06,99.4000015258789,86.3589859008789
2022-09-07,100.05000305175781,86.92371368408203
2022-09-08,99.68000030517578,86.60225677490234
2022-09-09,99.69000244140625,86.61092376708984
2022-09-12,99.44999694824219,86.40239715576172
2022-09-13,98.88999938964844,85.91588592529297
2022-09-14,98.94000244140625,85.9593276977539
2022-09-15,98.5999984741211,85.66395568847656
2022-09-16,98.68000030517578,85.73342895507812
2022-09-19,98.4000015258789,85.49016571044922
2022-09-20,97.79000091552734,84.9602279663086
2022-09-21,98.18000030517578,85.29905700683594
2022-09-22,96.69999694824219,84.01322174072266
2022-09-23,96.81999969482422,84.1174545288086
2022-09-26,95.20999908447266,82.71871185302734
2022-09-27,94.55999755859375,82.15397644042969
2022-09-28,96.69000244140625,84.00452423095703
2022-09-29,96.23999786376953,83.61354064941406
2022-09-30,95.98999786376953,83.39634704589844
2022-10-03,96.94000244140625,84.38611602783203
2022-10-04,97.13999938964844,84.56022644042969
2022-10-05,96.22000122070312,83.75935363769531
2022-10-06,95.69000244140625,83.29800415039062
2022-10-07,95.22000122070312,82.88887786865234
2022-10-10,94.66000366210938,82.40140533447266
2022-10-11,94.9000015258789,82.61029815673828
2022-10-12,95.20999908447266,82.88017272949219
2022-10-13,94.80999755859375,82.53195190429688
2022-10-14,94.27999877929688,82.07058715820312
2022-10-17,94.37999725341797,82.15766906738281
2022-10-18,94.62000274658203,82.36659240722656
2022-10-19,93.62999725341797,81.5047836303711
2022-10-20,92.93000030517578,80.89541625976562
2022-10-21,93.13999938964844,81.07821655273438
2022-10-24,93.0199966430664,80.97379302978516
2022-10-25,94.18000030517578,81.9835433959961
2022-10-26,94.66000366210938,82.40140533447266
2022-10-27,95.33000183105469,82.98463439941406
2022-10-28,94.83999633789062,82.55805206298828
2022-10-31,94.41000366210938,82.18376922607422
2022-11-01,94.19000244140625,82.16891479492188
2022-11-02,94.02999877929688,82.02935791015625
2022-11-03,93.62000274658203,81.67164611816406
2022-11-04,93.41999816894531,81.49720764160156
2022-11-07,93.08999633789062,81.20930480957031
2022-11-08,93.70999908447266,81.75019836425781
2022-11-09,94.02999877929688,82.02935791015625
2022-11-10,96.13999938964844,83.87008666992188
2022-11-11,95.94000244140625,83.69560241699219
2022-11-14,95.70999908447266,83.49494934082031
2022-11-15,96.41999816894531,84.11431884765625
2022-11-16,97.12999725341797,84.73371887207031
2022-11-17,96.47000122070312,84.157958984375
2022-11-18,96.12999725341797,83.861328125
2022-11-21,96.06999969482422,83.80897521972656
2022-11-22,96.62000274658203,84.288818359375
2022-11-23,97.13999938964844,84.74239349365234
2022-11-25,97.11000061035156,84.71625518798828
2022-11-28,97.1500015258789,84.75117492675781
2022-11-29,96.73999786376953,84.39349365234375
2022-11-30,97.61000061035156,85.1524429321289
2022-12-01,98.4800033569336,86.0824966430664
2022-12-02,98.68000030517578,86.25732421875
2022-12-05,97.68000030517578,85.38322448730469
2022-12-06,98.27999877929688,85.90766906738281
2022-12-07,99.13999938964844,86.65941619873047
2022-12-08,98.58000183105469,86.16992950439453
2022-12-09,97.8499984741211,85.53181457519531
2022-12-12,97.70999908447266,85.40943908691406
2022-12-13,98.58999633789062,86.17866516113281
2022-12-14,98.86000061035156,86.41465759277344
2022-12-15,98.86000061035156,86.58280944824219
2022-12-16,98.61000061035156,86.3638916015625
2022-12-19,97.80999755859375,85.6632080078125
2022-12-20,97.0999984741211,85.04136657714844
2022-12-21,97.22000122070312,85.14645385742188
2022-12-22,97.19000244140625,85.12023162841797
2022-12-23,96.75,84.73487091064453
2022-12-27,95.94000244140625,84.02545928955078
2022-12-28,95.70999908447266,83.82402801513672
2022-12-29,96.18000030517578,84.23564910888672
2022-12-30,95.77999877929688,83.88530731201172
2023-01-03,96.52999877929688,84.54219055175781
2023-01-04,97.2699966430664,85.19026947021484
2023-01-05,97.12999725341797,85.06768798828125
2023-01-06,98.37999725341797,86.16242980957031
2023-01-09,98.62999725341797,86.3813705444336
2023-01-10,98.01000213623047,85.83838653564453
2023-01-11,98.63999938964844,86.39013671875
2023-01-12,99.5199966430664,87.1608657836914
2023-01-13,98.98999786376953,86.69668579101562
2023-01-17,98.68000030517578,86.42517852783203
2023-01-18,100.0199966430664,87.59876251220703
2023-01-19,99.83000183105469,87.432373046875
2023-01-20,99.16999816894531,86.85433959960938
2023-01-23,98.8499984741211,86.57408142089844
2023-01-24,99.41999816894531,87.07327270507812
2023-01-25,99.52999877929688,87.16961669921875
2023-01-26,99.16999816894531,86.85433959960938
2023-01-27,99.0199966430664,86.72293853759766
2023-01-30,98.70999908447266,86.45145416259766
2023-01-31,99.20999908447266,86.88934326171875
2023-02-01,99.70999908447266,87.51425170898438
2023-02-02,99.66999816894531,87.47917175292969
2023-02-03,98.5999984741211,86.5400390625
2023-02-06,97.75,85.79399108886719
2023-02-07,97.51000213623047,85.58335876464844
2023-02-08,97.87000274658203,85.89932250976562
2023-02-09,97.43000030517578,85.51312255859375
2023-02-10,96.95999908447266,85.10061645507812
2023-02-13,97.19000244140625,85.302490234375
2023-02-14,96.75,84.91631317138672
2023-02-15,96.45999908447266,84.66179656982422
2023-02-16,96.13999938964844,84.38092803955078
2023-02-17,96.41000366210938,84.61792755126953
2023-02-21,95.36000061035156,83.69635009765625
2023-02-22,95.52999877929688,83.84551239013672
2023-02-23,95.9000015258789,84.1702880859375
2023-02-24,95.31999969482422,83.66120147705078
2023-02-27,95.61000061035156,83.91574096679688
2023-02-28,95.76000213623047,84.04741668701172
2023-03-01,94.80000305175781,83.37549591064453
2023-03-02,94.41000366210938,83.03248596191406
2023-03-03,95.16999816894531,83.70088195800781
2023-03-06,95,83.55139923095703
2023-03-07,95.01000213623047,83.5601806640625
2023-03-08,94.9800033569336,83.53380584716797
2023-03-09,95.56999969482422,84.05268096923828
2023-03-10,97.33000183105469,85.6005859375
2023-03-13,98.51000213623047,86.63838958740234
2023-03-14,97.58000183105469,85.8204345703125
2023-03-15,98.98999786376953,87.06050872802734
2023-03-16,98.0999984741211,86.27778625488281
2023-03-17,99.26000213623047,87.29800415039062
2023-03-20,98.86000061035156,86.9461898803711
2023-03-21,98,86.1898422241211
2023-03-22,99.29000091552734,87.32439422607422
2023-03-23,99.86000061035156,87.82566833496094
2023-03-24,99.88999938964844,87.8520278930664
2023-03-27,98.66000366210938,86.77030944824219
2023-03-28,98.5999984741211,86.71753692626953
2023-03-29,98.43000030517578,86.5680160522461
2023-03-30,98.58000183105469,86.6999282836914
2023-03-31,99.12000274658203,87.17485046386719
2023-04-03,99.38999938964844,87.58551788330078
2023-04-04,100.02999877929688,88.14950561523438
2023-04-05,100.44999694824219,88.51961517333984
2023-04-06,100.4800033569336,88.54606628417969
2023-04-10,99.48999786376953,87.67362976074219
2023-04-11,99.44999694824219,87.63838958740234
2023-04-12,99.73999786376953,87.89395141601562
2023-04-13,99.41000366210938,87.60311126708984
2023-04-14,98.91999816894531,87.17135620117188
2023-04-17,98.29000091552734,86.61615753173828
2023-04-18,98.44999694824219,86.75715637207031
2023-04-19,98.23999786376953,86.57211303710938
2023-04-20,98.80999755859375,87.07441711425781
2023-04-21,98.56999969482422,86.8628921508789
2023-04-24,99.05000305175781,87.285888671875
2023-04-25,100.02999877929688,88.14950561523438
2023-04-26,99.63999938964844,87.80583953857422
2023-04-27,98.98999786376953,87.23300170898438
2023-04-28,99.7300033569336,87.8851547241211
2023-05-01,98.31999969482422,86.85071563720703
2023-05-02,99.5999984741211,87.98143768310547
2023-05-03,100.25,88.55559539794922
2023-05-04,100.2300033569336,88.53792572021484
2023-05-05,99.69000244140625,88.06092834472656
2023-05-08,99.08000183105469,87.52205657958984
2023-05-09,98.95999908447266,87.41609191894531
2023-05-10,99.69999694824219,88.06974029541016
2023-05-11,100.06999969482422,88.3965835571289
2023-05-12,99.47000122070312,87.8666000366211
2023-05-15,99.25,87.67223358154297
2023-05-16,98.93000030517578,87.38957977294922
2023-05-17,98.61000061035156,87.10692596435547
2023-05-18,98,86.56807708740234
2023-05-19,97.62999725341797,86.2412338256836
2023-05-22,97.44999694824219,86.08221435546875
2023-05-23,97.61000061035156,86.22356414794922
2023-05-24,97.36000061035156,86.00272369384766
2023-05-25,96.75,85.46385955810547
2023-05-26,96.93000030517578,85.62288665771484
2023-05-30,97.69000244140625,86.29424285888672
2023-05-31,98.05999755859375,86.62106323242188
2023-06-01,98.0999984741211,86.86189270019531
2023-06-02,97.31999969482422,86.1712646484375
2023-06-05,97.29000091552734,86.14470672607422
2023-06-06,97.3499984741211,86.19783020019531
2023-06-07,96.63999938964844,85.56916046142578
2023-06-08,97.29000091552734,86.14470672607422
2023-06-09,96.94000244140625,85.83480072021484
2023-06-12,97.0999984741211,85.97645568847656
2023-06-13,96.41000366210938,85.36549377441406
2023-06-14,96.54000091552734,85.4806137084961
2023-06-15,97.29000091552734,86.14470672607422
2023-06-16,96.87000274658203,85.77281951904297
2023-06-20,97.16000366210938,86.02961730957031
2023-06-21,97.25,86.1092758178711
2023-06-22,96.69999694824219,85.62228393554688
2023-06-23,97.0999984741211,85.97645568847656
2023-06-26,97.33999633789062,86.18895721435547
2023-06-27,97,85.88790893554688
2023-06-28,97.38999938964844,86.23326110839844
2023-06-29,96.38999938964844,85.3478012084961
2023-06-30,96.5999984741211,85.53374481201172
2023-07-03,95.94999694824219,85.16273498535156
2023-07-05,95.48999786376953,84.75444793701172
2023-07-06,94.70999908447266,84.0621566772461
2023-07-07,94.58999633789062,83.95564270019531
2023-07-10,95.08000183105469,84.39056396484375
2023-07-11,95.27999877929688,84.56803894042969
2023-07-12,96.20999908447266,85.39350128173828
2023-07-13,97.01000213623047,86.10356140136719
2023-07-14,96.52999877929688,85.67752838134766
2023-07-17,96.69000244140625,85.81954193115234
2023-07-18,96.80000305175781,85.91717529296875
2023-07-19,97.12999725341797,86.21006774902344
2023-07-20,96.36000061035156,85.52662658691406
2023-07-21,96.44000244140625,85.59765625
2023-07-24,96.20999908447266,85.39350128173828
2023-07-25,96.02999877929688,85.23375701904297
2023-07-26,96.36000061035156,85.52662658691406
2023-07-27,95.30999755859375,84.59471130371094
2023-07-28,95.62000274658203,84.86984252929688
2023-07-31,95.73999786376953,84.97635650634766
2023-08-01,94.94000244140625,84.47981262207031
2023-08-02,94.75,84.3107681274414
2023-08-03,94.05000305175781,83.68785858154297
2023-08-04,95.05000305175781,84.57771301269531
2023-08-07,94.81999969482422,84.37303924560547
2023-08-08,95.30000305175781,84.80015563964844
2023-08-09,95.36000061035156,84.85355377197266
2023-08-10,94.62999725341797,84.2039794921875
2023-08-11,94.12999725341797,83.75906372070312
2023-08-14,93.9800033569336,83.6255874633789
2023-08-15,93.80000305175781,83.46540832519531
2023-08-16,93.44000244140625,83.14507293701172
2023-08-17,93.31999969482422,83.03829956054688
2023-08-18,93.5999984741211,83.28748321533203
2023-08-21,93.0199966430664,82.77135467529297
2023-08-22,93.05999755859375,82.80693054199219
2023-08-23,94.06999969482422,83.70568084716797
2023-08-24,93.72000122070312,83.39424133300781
2023-08-25,93.69000244140625,83.36756134033203
2023-08-28,93.94999694824219,83.59889221191406
2023-08-29,94.62000274658203,84.195068359375
2023-08-30,94.61000061035156,84.18618774414062
2023-08-31,94.80000305175781,84.35523986816406
2023-09-01,93.9800033569336,83.83960723876953
2023-09-05,93.41000366210938,83.33113098144531
2023-09-06,93.16999816894531,83.11703491210938
2023-09-07,93.48999786376953,83.4024658203125
2023-09-08,93.51000213623047,83.42031860351562
2023-09-11,93.3499984741211,83.277587890625
2023-09-12,93.4800033569336,83.39356231689453
2023-09-13,93.58999633789062,83.49168395996094
2023-09-14,93.37999725341797,83.30433654785156
2023-09-15,93.08999633789062,83.04562377929688
2023-09-18,93.18000030517578,83.12590789794922
2023-09-19,92.83999633789062,82.8226089477539
2023-09-20,92.7699966430664,82.76018524169922
2023-09-21,92.08000183105469,82.1446304321289
2023-09-22,92.44000244140625,82.46578216552734
2023-09-25,91.76000213623047,81.85917663574219
2023-09-26,91.7300033569336,81.83238983154297
2023-09-27,91.31999969482422,81.46661376953125
2023-09-28,91.56999969482422,81.68965148925781
2023-09-29,91.58999633789062,81.70748138427734
2023-10-02,90.61000061035156,81.04472351074219
2023-10-03,89.86000061035156,80.3739013671875
2023-10-04,90.43000030517578,80.88372802734375
2023-10-05,90.5999984741211,81.0357666015625
2023-10-06,90.06999969482422,80.56170654296875
2023-10-09,91.22000122070312,81.59032440185547
2023-10-10,91.04000091552734,81.4292984008789
2023-10-11,91.54000091552734,81.87654876708984
2023-10-12,90.66000366210938,81.08944702148438
2023-10-13,91.23999786376953,81.60820770263672
2023-10-16,90.69999694824219,81.12520599365234
2023-10-17,89.80999755859375,80.32917022705078
2023-10-18,89.38999938964844,79.95349884033203
2023-10-19,88.94999694824219,79.55996704101562
2023-10-20,89.47000122070312,80.02503967285156
2023-10-23,89.88999938964844,80.40072631835938
2023-10-24,90.05000305175781,80.54383850097656
2023-10-25,89.26000213623047,79.83721160888672
2023-10-26,89.94000244140625,80.4454574584961
2023-10-27,90.08000183105469,80.5706787109375
2023-10-30,89.77999877929688,80.30232238769531
2023-10-31,89.58999633789062,80.13238525390625
2023-11-01,90.37000274658203,81.05531311035156
2023-11-02,90.93000030517578,81.55762481689453
2023-11-03,91.62999725341797,82.18545532226562
2023-11-06,91.0999984741211,81.7100830078125
2023-11-07,91.62000274658203,82.17649841308594
2023-11-08,91.98999786376953,82.50834655761719
2023-11-09,91.08000183105469,81.69215393066406
2023-11-10,91.18000030517578,81.7818374633789
2023-11-13,91.12999725341797,81.73698425292969
2023-11-14,92.5,82.96576690673828
2023-11-15,91.77999877929688,82.31999206542969
2023-11-16,92.47000122070312,82.9388656616211
2023-11-17,92.52999877929688,82.99266052246094
2023-11-20,92.66000366210938,83.10929107666016
2023-11-21,92.77999877929688,83.2169189453125
2023-11-22,92.75,83.1900405883789
2023-11-24,92.2699966430664,82.75947570800781
2023-11-27,92.97000122070312,83.38732147216797
2023-11-28,93.37999725341797,83.75504302978516
2023-11-29,93.87000274658203,84.19459533691406
2023-11-30,93.41000366210938,83.7820053100586
2023-12-01,94.04000091552734,84.57247161865234
2023-12-04,93.6500015258789,84.2217788696289
2023-12-05,94.30999755859375,84.8152847290039
2023-12-06,94.69999694824219,85.16603088378906
2023-12-07,94.55999755859375,85.04015350341797
2023-12-08,93.94999694824219,84.49154663085938
2023-12-11,93.95999908447266,84.50054168701172
2023-12-12,94.16000366210938,84.680419921875
2023-12-13,95.55999755859375,85.93946075439453
2023-12-14,96.06999969482422,86.65382385253906
2023-12-15,95.98999786376953,86.58168029785156
2023-12-18,95.77999877929688,86.39228057861328
2023-12-19,95.95999908447266,86.55460357666016
2023-12-20,96.43000030517578,86.97855377197266
2023-12-21,96.27999877929688,86.8432388305664
2023-12-22,96.19000244140625,86.76205444335938
2023-12-26,96.25,86.81619262695312
2023-12-27,97,87.4926986694336
2023-12-28,96.62999725341797,87.15892028808594
2023-12-29,96.38999938964844,86.94247436523438
2024-01-02,96.02999877929688,86.61775970458984
2024-01-03,96.26000213623047,86.8251953125
2024-01-04,95.68000030517578,86.30207824707031
2024-01-05,95.33000183105469,85.98635864257812
2024-01-08,95.6500015258789,86.27503204345703
2024-01-09,95.61000061035156,86.23892211914062
2024-01-10,95.45999908447266,86.10362243652344
2024-01-11,95.97000122070312,86.56365966796875
2024-01-12,96.2300033569336,86.79813385009766
2024-01-16,95.44999694824219,86.09461212158203
2024-01-17,95.13999938964844,85.81499481201172
2024-01-18,94.93000030517578,85.62554931640625
2024-01-19,94.94000244140625,85.63458251953125
2024-01-22,95.2300033569336,85.89617919921875
2024-01-23,94.98999786376953,85.67970275878906
2024-01-24,94.72000122070312,85.43614196777344
2024-01-25,95.12999725341797,85.80598449707031
2024-01-26,94.95999908447266,85.65263366699219
2024-01-29,95.52999877929688,86.1667709350586
2024-01-30,95.66000366210938,86.2840347290039
2024-01-31,96.45999908447266,87.00563049316406
2024-02-01,96.81999969482422,87.54450988769531
2024-02-02,95.55999755859375,86.40522766113281
2024-02-05,94.62999725341797,85.56431579589844
2024-02-06,95.13999938964844,86.02546691894531
2024-02-07,94.97000122070312,85.87173461914062
2024-02-08,94.66000366210938,85.59146118164062
2024-02-09,94.48999786376953,85.4377212524414
2024-02-12,94.58000183105469,85.51908874511719
2024-02-13,93.54000091552734,84.57875061035156
2024-02-14,93.88999938964844,84.89521789550781
2024-02-15,94.1500015258789,85.13029479980469
2024-02-16,93.73999786376953,84.75959014892578
2024-02-20,93.9000015258789,84.90425872802734
2024-02-21,93.5999984741211,84.63301086425781
2024-02-22,93.61000061035156,84.64202880859375
2024-02-23,94.04000091552734,85.03082275390625
2024-02-26,93.9000015258789,84.90425872802734
2024-02-27,93.69000244140625,84.7143783569336
2024-02-28,94.02999877929688,85.02176666259766
2024-02-29,94.22000122070312,85.1935806274414
2024-03-01,94.4000015258789,85.58251190185547
2024-03-04,94.19000244140625,85.39213562011719
2024-03-05,94.7699966430664,85.91796875
2024-03-06,95,86.1264877319336
2024-03-07,95.16000366210938,86.27155303955078
2024-03-08,95.2300033569336,86.33501434326172
2024-03-11,95.11000061035156,86.22622680664062
2024-03-12,94.72000122070312,85.87264251708984
2024-03-13,94.51000213623047,85.68225860595703
2024-03-14,93.80999755859375,85.04763793945312
2024-03-15,93.6500015258789,84.90257263183594
2024-03-18,93.54000091552734,84.80284118652344
2024-03-19,93.80999755859375,85.04763793945312
2024-03-20,94.02999877929688,85.2470932006836
2024-03-21,94.04000091552734,85.2561264038086
2024-03-22,94.5,85.67317962646484
2024-03-25,94.25,85.44650268554688
2024-03-26,94.38999938964844,85.57344055175781
2024-03-27,94.75,85.89982604980469
2024-03-28,94.66000366210938,85.81825256347656
2024-04-01,93.52999877929688,85.04175567626953
2024-04-02,93.33000183105469,84.85989379882812
2024-04-03,93.44000244140625,84.95989990234375
2024-04-04,93.76000213623047,85.2508544921875
2024-04-05,93.13999938964844,84.68714904785156
2024-04-08,92.93000030517578,84.49620056152344
2024-04-09,93.30000305175781,84.83262634277344
2024-04-10,92.05999755859375,83.70513153076172
2024-04-11,91.93000030517578,83.58694458007812
2024-04-12,92.30999755859375,83.9324722290039
2024-04-15,91.72000122070312,83.39601135253906
2024-04-16,91.36000061035156,83.06867218017578
2024-04-17,91.94000244140625,83.59603881835938
2024-04-18,91.62000274658203,83.30509948730469
2024-04-19,91.73999786376953,83.4141845703125
2024-04-22,91.75,83.42327117919922
2024-04-23,91.87000274658203,83.53238677978516
2024-04-24,91.58999633789062,83.27779388427734
2024-04-25,91.23999786376953,82.95956420898438
2024-04-26,91.48999786376953,83.18688201904297
2024-04-29,91.86000061035156,83.52330017089844
2024-04-30,91.43000030517578,83.13233184814453
2024-05-01,91.5199966430664,83.4615478515625
2024-05-02,91.94999694824219,83.8536605834961
2024-05-03,92.45999908447266,84.3187484741211
2024-05-06,92.54000091552734,84.39173126220703
2024-05-07,92.77999877929688,84.61058807373047
2024-05-08,92.5199966430664,84.37349700927734
2024-05-09,92.80000305175781,84.62883758544922
2024-05-10,92.5,84.35525512695312
2024-05-13,92.61000061035156,84.45558166503906
2024-05-14,92.87999725341797,84.7017593383789
2024-05-15,93.58000183105469,85.34016418457031
2024-05-16,93.4000015258789,85.1760025024414
2024-05-17,93.11000061035156,84.91153717041016
2024-05-20,92.97000122070312,84.78386688232422
2024-05-21,93.20999908447266,85.00273895263672
2024-05-22,93.08999633789062,84.89329528808594
2024-05-23,92.76000213623047,84.59235382080078
2024-05-24,92.87999725341797,84.7017593383789
2024-05-28,92.36000061035156,84.22756958007812
2024-05-29,91.91000366210938,83.81723022460938
2024-05-30,92.37000274658203,84.23670196533203
2024-05-31,92.80000305175781,84.62883758544922
2024-06-03,93.12999725341797,85.18311309814453
2024-06-04,93.63999938964844,85.64961242675781
2024-06-05,93.9800033569336,85.9605941772461
2024-06-06,93.94000244140625,85.92399597167969
2024-06-07,92.94999694824219,85.01847839355469
2024-06-10,92.75,84.8355484008789
2024-06-11,93.23999786376953,85.28372192382812
2024-06-12,93.76000213623047,85.75938415527344
2024-06-13,94.37999725341797,86.32645416259766
2024-06-14,94.5999984741211,86.5276870727539
2024-06-17,94.16000366210938,86.12521362304688
2024-06-18,94.56999969482422,86.50025177001953
2024-06-20,94.33000183105469,86.28072357177734
2024-06-21,94.3499984741211,86.29902648925781
2024-06-24,94.43000030517578,86.37220001220703
2024-06-25,94.51000213623047,86.44538116455078
2024-06-26,93.94000244140625,85.92399597167969
2024-06-27,94.1500015258789,86.1160888671875
2024-06-28,93.6500015258789,85.65876007080078
2024-07-01,92.66999816894531,85.0211181640625
2024-07-02,93.0199966430664,85.34222412109375
2024-07-03,93.63999938964844,85.91104888916016
2024-07-05,94.16000366210938,86.38811492919922
2024-07-08,94.19000244140625,86.41567993164062
2024-07-09,94.05999755859375,86.2963638305664
2024-07-10,94.1500015258789,86.37895202636719
2024-07-11,94.75,86.92941284179688
2024-07-12,94.94999694824219,87.1129150390625
2024-07-15,94.6500015258789,86.83768463134766
2024-07-16,95.06999969482422,87.22300720214844
2024-07-17,95.1500015258789,87.2964096069336
2024-07-18,94.87999725341797,87.04867553710938
2024-07-19,94.58000183105469,86.7734603881836
2024-07-22,94.48999786376953,86.69087982177734
2024-07-23,94.55999755859375,86.75511932373047
2024-07-24,94.3499984741211,86.56244659423828
2024-07-25,94.55999755859375,86.75511932373047
2024-07-26,95.01000213623047,87.16796875
2024-07-29,95.16999816894531,87.31475830078125
2024-07-30,95.37000274658203,87.49826049804688
2024-07-31,96.06999969482422,88.14049530029297
2024-08-01,96.19000244140625,88.51686096191406
2024-08-02,97.68000030517578,89.88799285888672
2024-08-05,97.77999877929688,89.98002624511719
2024-08-06,96.91000366210938,89.17943572998047
2024-08-07,96.55999755859375,88.85734558105469
2024-08-08,96.2699966430664,88.59049987792969
2024-08-09,96.66000366210938,88.94937133789062
2024-08-12,96.93000030517578,89.19783020019531
2024-08-13,97.36000061035156,89.59353637695312
2024-08-14,97.48999786376953,89.71315002441406
2024-08-15,96.87999725341797,89.15181732177734
2024-08-16,97.06999969482422,89.32665252685547
2024-08-19,97.19999694824219,89.4462890625
2024-08-20,97.58999633789062,89.80520629882812
2024-08-21,97.79000091552734,89.98922729492188
2024-08-22,97.33999633789062,89.57511901855469
2024-08-23,97.79000091552734,89.98922729492188
2024-08-26,97.66999816894531,89.87881469726562
2024-08-27,97.62999725341797,89.84197998046875
2024-08-28,97.58000183105469,89.79597473144531
2024-08-29,97.41000366210938,89.6395492553711
2024-08-30,97.06999969482422,89.32665252685547
2024-09-03,97.41999816894531,89.9155044555664
2024-09-04,97.98999786376953,90.44161224365234
2024-09-05,98.22000122070312,90.65389251708984
2024-09-06,98.36000061035156,90.7830810546875
2024-09-09,98.5,90.91230773925781
2024-09-10,98.91999816894531,91.29998016357422
2024-09-11,98.8499984741211,91.2353286743164
2024-09-12,98.69000244140625,91.08769989013672
2024-09-13,98.87999725341797,91.26305389404297
2024-09-16,99.13999938964844,91.50301361083984
2024-09-17,98.95999908447266,91.3368911743164
2024-09-18,98.52999877929688,90.93999481201172
2024-09-19,98.44999694824219,90.86618041992188
2024-09-20,98.41999816894531,90.83849334716797
2024-09-23,98.36000061035156,90.7830810546875
2024-09-24,98.47000122070312,90.88465118408203
2024-09-25,98.06999969482422,90.51542663574219
2024-09-26,98,90.45083618164062
2024-09-27,98.38999938964844,90.81078338623047
2024-09-30,98.12000274658203,90.56159210205078
2024-10-01,98.19000244140625,90.89114379882812
2024-10-02,97.91000366210938,90.6319351196289
2024-10-03,97.41000366210938,90.16912078857422
2024-10-04,96.47000122070312,89.29898071289062
2024-10-07,96.12000274658203,88.97500610351562
2024-10-08,96.19999694824219,89.0490493774414
2024-10-09,95.83999633789062,88.71578979492188
2024-10-10,95.83000183105469,88.70655822753906
2024-10-11,95.86000061035156,88.73432922363281
2024-10-14,95.69000244140625,88.57697296142578
2024-10-15,96.18000030517578,89.03054809570312
2024-10-16,96.33000183105469,89.16938018798828
2024-10-17,95.83000183105469,88.70655822753906
2024-10-18,95.94000244140625,88.80838012695312
2024-10-21,95.19999694824219,88.12338256835938
2024-10-22,95.11000061035156,88.04006958007812
2024-10-23,94.88999938964844,87.83641815185547
2024-10-24,95.0999984741211,88.03083801269531
2024-10-25,94.88999938964844,87.83641815185547
2024-10-28,94.66999816894531,87.63278198242188
2024-10-29,94.70999908447266,87.6698226928711
2024-10-30,94.56999969482422,87.54021453857422
2024-10-31,94.5199966430664,87.49392700195312
2024-11-01,93.66999816894531,86.97582244873047
2024-11-04,94.16999816894531,87.44007110595703
2024-11-05,94.22000122070312,87.48651123046875
2024-11-06,93.25,86.5858154296875
2024-11-07,94,87.28223419189453
2024-11-08,94.19999694824219,87.46793365478516
2024-11-11,93.94000244140625,87.22650909423828
2024-11-12,93.3499984741211,86.67867279052734
2024-11-13,93.29000091552734,86.62296295166016
2024-11-14,93.27999877929688,86.6136703491211
2024-11-15,93.31999969482422,86.65083312988281
2024-11-18,93.52999877929688,86.84583282470703
2024-11-19,93.7300033569336,87.03153228759766
2024-11-20,93.58999633789062,86.90151977539062
2024-11-21,93.54000091552734,86.8551025390625
2024-11-22,93.5999984741211,86.91082000732422
2024-11-25,94.61000061035156,87.8486328125
2024-11-26,94.41000366210938,87.66293334960938
2024-11-27,94.79000091552734,88.01577758789062
2024-11-29,95.19000244140625,88.3871841430664
2024-12-02,94.88999938964844,88.37972259521484
2024-12-03,94.62000274658203,88.12826538085938
2024-12-04,94.9800033569336,88.46356964111328
2024-12-05,94.97000122070312,88.45426177978516
2024-12-06,95.2699966430664,88.7336654663086
2024-12-09,94.94000244140625,88.4262924194336
2024-12-10,94.7699966430664,88.26795196533203
2024-12-11,94.48999786376953,88.00718688964844
2024-12-12,94.12999725341797,87.671875
2024-12-13,93.69000244140625,87.2620620727539
2024-12-16,93.72000122070312,87.29000091552734
2024-12-17,93.72000122070312,87.29000091552734
2024-12-18,92.69000244140625,86.61531829833984
2024-12-19,92.2699966430664,86.22283935546875
2024-12-20,92.61000061035156,86.54057312011719
2024-12-23,92.19999694824219,86.15742492675781
2024-12-24,92.25,86.20416259765625
2024-12-26,92.31999969482422,86.26959228515625
2024-12-27,92.08000183105469,86.04529571533203
2024-12-30,92.62000274658203,86.54991912841797
2024-12-31,92.44999694824219,86.39105224609375
2025-01-02,92.5,86.4377670288086
2025-01-03,92.3499984741211,86.29759979248047
2025-01-06,92.26000213623047,86.21350860595703
2025-01-07,91.83999633789062,85.82102966308594
2025-01-08,92,85.97055053710938
2025-01-10,91.33000183105469,85.34447479248047
2025-01-13,91.16999816894531,85.19493865966797
2025-01-14,91.19999694824219,85.22298431396484
2025-01-15,92.16000366210938,86.12005615234375
2025-01-16,92.37999725341797,86.32563781738281
2025-01-17,92.44999694824219,86.39105224609375
2025-01-21,92.76000213623047,86.68072509765625
2025-01-22,92.5199966430664,86.45645904541016
2025-01-23,92.27999877929688,86.23218536376953
2025-01-24,92.47000122070312,86.40973663330078
2025-01-27,93.06999969482422,86.97042083740234
2025-01-28,93.08000183105469,86.97976684570312
2025-01-29,92.97000122070312,86.87699890136719
2025-01-30,93.16999816894531,87.0638656616211
2025-01-31,93.0199966430664,86.92369842529297
2025-02-03,92.79000091552734,86.9855728149414
2025-02-04,93.0199966430664,87.20118713378906
2025-02-05,93.55999755859375,87.70738983154297
2025-02-06,93.44999694824219,87.60427856445312
2025-02-07,93.13999938964844,87.31366729736328
2025-02-10,93.12000274658203,87.2949447631836
2025-02-11,92.87999725341797,87.06993103027344
2025-02-12,92.23999786376953,86.46996307373047
2025-02-13,92.93000030517578,87.1167984008789
2025-02-14,93.31999969482422,87.48241424560547
2025-02-18,92.81999969482422,87.01367950439453
2025-02-19,92.97000122070312,87.15430450439453
2025-02-20,93.16000366210938,87.33241271972656
2025-02-21,93.70999908447266,87.84800720214844
2025-02-24,93.91000366210938,88.0354995727539
2025-02-25,94.6500015258789,88.72921752929688
2025-02-26,94.91000366210938,88.97296142578125
2025-02-27,94.80000305175781,88.86982727050781
2025-02-28,95.31999969482422,89.35729217529297
2025-03-03,95.38999938964844,89.68165588378906
2025-03-04,95.08999633789062,89.39959716796875
2025-03-05,94.55999755859375,88.90132904052734
2025-03-06,94.51000213623047,88.85431671142578
2025-03-07,94.38999938964844,88.74150848388672
2025-03-10,95.05000305175781,89.36199188232422
2025-03-11,94.70999908447266,89.04235076904297
2025-03-12,94.43000030517578,88.77911376953125
2025-03-13,94.80999755859375,89.1363525390625
2025-03-14,94.4800033569336,88.82611083984375
2025-03-17,94.55999755859375,88.90132904052734
2025-03-18,94.66999816894531,89.00474548339844
2025-03-19,94.95999908447266,89.27738189697266
2025-03-20,95.0999984741211,89.40901184082031
2025-03-21,95.0199966430664,89.33380126953125
2025-03-24,94.47000122070312,88.81671905517578
2025-03-25,94.62999725341797,88.96712493896484
2025-03-26,94.41000366210938,88.76029205322266
2025-03-27,94.33000183105469,88.68509674072266
2025-03-28,95.08999633789062,89.39959716796875
2025-03-31,95.37000274658203,89.6628646850586
2025-04-01,95.4000015258789,89.97787475585938
2025-04-02,95.30999755859375,89.89297485351562
2025-04-03,96.29000091552734,90.8172836303711
2025-04-04,96.55999755859375,91.07192993164062
2025-04-07,95.41000366210938,89.98731231689453
2025-04-08,94.93000030517578,89.53457641601562
2025-04-09,94.62999725341797,89.25163269042969
2025-04-10,94.04000091552734,88.69515991210938
2025-04-11,93.51000213623047,88.1953125
2025-04-14,94.26000213623047,88.90267181396484
2025-04-15,94.54000091552734,89.166748046875
2025-04-16,94.94999694824219,89.5534439086914
2025-04-17,94.68000030517578,89.29878997802734
2025-04-21,94.16999816894531,88.81778717041016
2025-04-22,94.23999786376953,88.8837890625
2025-04-23,94.33999633789062,88.9781265258789
2025-04-24,94.8499984741211,89.45911407470703
2025-04-25,95.20999908447266,89.79866790771484
2025-04-28,95.58999633789062,90.15706634521484
2025-04-29,95.91999816894531,90.46832275390625
2025-04-30,96.06999969482422,90.60980224609375
2025-05-01,95.33999633789062,90.21520233154297
2025-05-02,94.69999694824219,89.609619140625
2025-05-05,94.52999877929688,89.44876098632812
2025-05-06,94.7699966430664,89.67584228515625
2025-05-07,95.0199966430664,89.91240692138672
2025-05-08,94.27999877929688,89.21219635009766
2025-05-09,94.3499984741211,89.27842712402344
2025-05-12,93.75,88.71066284179688
2025-05-13,93.68000030517578,88.64444732666016
2025-05-14,93.33000183105469,88.31328582763672
2025-05-15,93.94000244140625,88.89045715332031
2025-05-16,93.97000122070312,88.91886138916016
2025-05-19,93.91999816894531,88.87154388427734
2025-05-20,93.80000305175781,88.75797271728516
2025-05-21,93.1500015258789,88.14293670654297
2025-05-22,93.5,88.47411346435547
2025-05-23,93.7699966430664,88.7295913696289
2025-05-27,94.16000366210938,89.0986328125
2025-05-28,93.9000015258789,88.85260772705078
2025-05-29,94.29000091552734,89.22164916992188
2025-05-30,94.56999969482422,89.4865951538086
2025-06-02,93.94000244140625,89.18280029296875
2025-06-03,93.8499984741211,89.09735107421875
2025-06-04,94.54000091552734,89.75240325927734
2025-06-05,94.26000213623047,89.48661041259766
2025-06-06,93.51000213623047,88.77458953857422
2025-06-09,93.68000030517578,88.93597412109375
2025-06-10,93.83999633789062,89.08786010742188
2025-06-11,94.2300033569336,89.45813751220703
2025-06-12,94.63999938964844,89.84735107421875
2025-06-13,94.29000091552734,89.51508331298828
2025-06-16,94.0199966430664,89.25874328613281
2025-06-17,94.4800033569336,89.69547271728516
2025-06-18,94.54000091552734,89.75240325927734
2025-06-20,94.5999984741211,89.80938720703125
2025-06-23,94.93000030517578,90.12266540527344
2025-06-24,95.26000213623047,90.43595886230469
2025-06-25,95.30000305175781,90.47395324707031
2025-06-26,95.63999938964844,90.79670715332031
2025-06-27,95.38999938964844,90.55938720703125
2025-06-30,95.7699966430664,90.92012786865234
2025-07-01,95.29000091552734,90.75154876708984
2025-07-02,95.08999633789062,90.56109619140625
2025-07-03,94.76000213623047,90.2468032836914
2025-07-07,94.45999908447266,89.96109008789062
2025-07-08,94.31999969482422,89.82777404785156
2025-07-09,94.80999755859375,90.29443359375
2025-07-10,94.76000213623047,90.2468032836914
2025-07-11,94.31999969482422,89.82777404785156
2025-07-14,94.27999877929688,89.7896728515625
2025-07-15,93.91000366210938,89.43729400634766
2025-07-16,94.16999816894531,89.6849136352539
2025-07-17,94.13999938964844,89.65632629394531
2025-07-18,94.4000015258789,89.90393829345703
2025-07-21,94.7300033569336,90.2182388305664
2025-07-22,95,90.47537994384766
2025-07-23,94.66000366210938,90.15158081054688
2025-07-24,94.5199966430664,90.01822662353516
2025-07-25,94.73999786376953,90.22775268554688
2025-07-28,94.52999877929688,90.02777099609375
2025-07-29,95.1500015258789,90.61822509765625
2025-07-30,94.81999969482422,90.30394744873047
2025-07-31,94.9000015258789,90.38014221191406
2025-08-01,95.68000030517578,91.420654296875
2025-08-04,95.80999755859375,91.54486846923828
2025-08-05,95.73999786376953,91.47798156738281
2025-08-06,95.66999816894531,91.41110229492188
2025-08-07,95.5999984741211,91.34423065185547
2025-08-08,95.37999725341797,91.13401794433594
2025-08-11,95.41000366210938,91.16268157958984
2025-08-12,95.38999938964844,91.14356994628906
2025-08-13,95.7300033569336,91.46843719482422
2025-08-14,95.41999816894531,91.1722412109375
2025-08-15,95.2300033569336,90.99072265625
2025-08-18,95.13999938964844,90.90470123291016
2025-08-19,95.37999725341797,91.13401794433594
2025-08-20,95.5199966430664,91.26777648925781
2025-08-21,95.23999786376953,91.000244140625
2025-08-22,95.7699966430664,91.50664520263672
2025-08-25,95.58000183105469,91.32511901855469
2025-08-26,95.83000183105469,91.56398010253906
2025-08-27,96.01000213623047,91.7359848022461
2025-08-28,96.2300033569336,91.94617462158203
2025-08-29,96.1500015258789,91.86973571777344
2025-09-02,95.55000305175781,91.59557342529297
2025-09-03,95.87999725341797,91.91191864013672
2025-09-04,96.30999755859375,92.3241195678711
2025-09-05,96.77999877929688,92.7746810913086
2025-09-08,97.08000183105469,93.062255859375
2025-09-09,96.8499984741211,92.84176635742188
2025-09-10,97.11000061035156,93.09101867675781
2025-09-11,97.26000213623047,93.23479461669922
2025-09-12,96.9800033569336,92.96640014648438
2025-09-15,97.13999938964844,93.11976623535156
2025-09-16,97.19999694824219,93.17729949951172
2025-09-17,96.98999786376953,92.97595977783203
2025-09-18,96.66999816894531,92.66921997070312
2025-09-19,96.62999725341797,92.63086700439453
2025-09-22,96.47000122070312,92.47749328613281
2025-09-23,96.73999786376953,92.73631286621094
2025-09-24,96.4800033569336,92.48709869384766
2025-09-25,96.2699966430664,92.28578186035156
2025-09-26,96.22000122070312,92.23784637451172
2025-09-29,96.5,92.50625610351562
2025-09-30,96.45999908447266,92.46791076660156
2025-10-01,96.48999786376953,92.77944946289062
2025-10-02,96.58999633789062,92.87561798095703
2025-10-03,96.4000015258789,92.69291687011719
2025-10-06,96.12000274658203,92.42369079589844
2025-10-07,96.36000061035156,92.65444946289062
2025-10-08,96.37999725341797,92.67369842529297
2025-10-09,96.30999755859375,92.60636901855469
2025-10-10,96.91000366210938,93.18331146240234
2025-10-13,96.95999908447266,93.23138427734375
2025-10-14,97.20999908447266,93.47177124023438
2025-10-15,97.0999984741211,93.3659896850586
2025-10-16,97.55000305175781,93.79869842529297
2025-10-17,97.38999938964844,93.64483642578125
2025-10-20,97.5199966430664,93.76984405517578
2025-10-21,97.69999694824219,93.94292449951172
2025-10-22,97.72000122070312,93.96215057373047
2025-10-23,97.4000015258789,93.65446472167969
2025-10-24,97.48999786376953,93.74098205566406
2025-10-27,97.48999786376953,93.74098205566406
2025-10-28,97.58000183105469,93.8275375366211
2025-10-29,96.94999694824219,93.22175598144531
2025-10-30,96.80999755859375,93.08714294433594
2025-10-31,96.8499984741211,93.12560272216797
2025-11-03,96.5,93.08125305175781
2025-11-04,96.62000274658203,93.19699096679688
2025-11-05,96.16000366210938,92.7532958984375
2025-11-06,96.6500015258789,93.2259292602539
2025-11-07,96.69000244140625,93.2645034790039
2025-11-10,96.55999755859375,93.13911437988281
2025-11-11,96.86000061035156,93.4284896850586
2025-11-12,96.87999725341797,93.4477767944336
2025-11-13,96.5999984741211,93.17770385742188
2025-11-14,96.44000244140625,93.02336883544922
2025-11-17,96.55000305175781,93.12947845458984
2025-11-18,96.70999908447266,93.28380584716797
2025-11-19,96.63999938964844,93.21629333496094
2025-11-20,96.87000274658203,93.43814086914062
2025-11-21,97.19000244140625,93.74681091308594
2025-11-24,97.33999633789062,93.8914794921875
2025-11-25,97.58999633789062,94.13262176513672
2025-11-26,97.66999816894531,94.20978546142578
2025-11-28,97.5,94.04581451416016
2025-12-01,96.69000244140625,93.54080200195312
2025-12-02,96.7699966430664,93.61820220947266
2025-12-03,96.97000122070312,93.81169128417969
2025-12-04,96.66999816894531,93.52146911621094
2025-12-05,96.47000122070312,93.32798767089844
2025-12-08,96.2699966430664,93.13449096679688
2025-12-09,96.12999725341797,92.9990463256836
2025-12-10,96.44000244140625,93.29895782470703
2025-12-11,96.44999694824219,93.30862426757812
2025-12-12,96.19000244140625,93.0571060180664
2025-12-15,96.2699966430664,93.13449096679688
2025-12-16,96.54000091552734,93.39569854736328
2025-12-17,96.5199966430664,93.37633514404297
2025-12-18,96.7699966430664,93.61820220947266
2025-12-19,96.23999786376953,93.4075927734375
2025-12-22,96.13999938964844,93.3105239868164
2025-12-23,96.0999984741211,93.2717056274414
2025-12-24,96.3499984741211,93.51434326171875
2025-12-26,96.44000244140625,93.6017074584961
2025-12-29,96.58000183105469,93.73757934570312
2025-12-30,96.4800033569336,93.64053344726562
2025-12-31,96.16000366210938,93.3299560546875
2026-01-02,96.08000183105469,93.25231170654297
2026-01-05,96.37000274658203,93.53377532958984
2026-01-06,96.30000305175781,93.4658203125
2026-01-07,96.4800033569336,93.64053344726562
2026-01-08,96.19000244140625,93.35906982421875
2026-01-09,96.30000305175781,93.4658203125
2026-01-12,96.18000030517578,93.349365234375
2026-01-13,96.30000305175781,93.4658203125
2026-01-14,96.5,93.65995025634766
2026-01-15,96.30000305175781,93.4658203125
2026-01-16,95.93000030517578,93.1067123413086
2026-01-20,95.55000305175781,92.7378921508789
2026-01-21,95.80000305175781,92.98054504394531
2026-01-22,95.79000091552734,92.97083282470703
2026-01-23,95.94999694824219,93.1261215209961
2026-01-26,96.08999633789062,93.26199340820312
2026-01-27,95.9800033569336,93.1552505493164
2026-01-28,95.9000015258789,93.07759094238281
2026-01-29,96,93.1746597290039
2026-01-30,95.94000244140625,93.11642456054688
2026-02-02,95.44000244140625,92.93335723876953
2026-02-03,95.52999877929688,93.02098846435547
2026-02-04,95.51000213623047,93.00151824951172
2026-02-05,96.06999969482422,93.54682159423828
2026-02-06,96.06999969482422,93.54682159423828
2026-02-09,96.08999633789062,93.56629180908203
2026-02-10,96.51000213623047,93.97526550292969
2026-02-11,96.23999786376953,93.71234893798828
2026-02-12,96.83000183105469,94.2868423461914
2026-02-13,97.20999908447266,94.65687561035156
2026-02-17,97.19999694824219,94.64712524414062
2026-02-18,97,94.45238494873047
2026-02-19,97.08999633789062,94.54002380371094
2026-02-20,97.08999633789062,94.54002380371094
2026-02-23,97.44000244140625,94.88082885742188
2026-02-24,97.41999816894531,94.8613510131836
2026-02-25,97.33999633789062,94.78345489501953
2026-02-26,97.5999984741211,95.03662872314453
2026-02-27,97.98999786376953,95.41637420654297
2026-03-02,97.12000274658203,94.84315490722656
2026-03-03,97.01000213623047,94.73572540283203
2026-03-04,96.80999755859375,94.54041290283203
2026-03-05,96.51000213623047,94.24745178222656
2026-03-06,96.44999694824219,94.18885040283203
2026-03-09,96.75,94.48181915283203
2026-03-10,96.44000244140625,94.17908477783203
2026-03-11,96,93.7494125366211
2026-03-12,95.69000244140625,93.4466781616211
2026-03-13,95.58999633789062,93.3489990234375
2026-03-16,96.0199966430664,93.76892852783203
2026-03-17,96.19000244140625,93.93494415283203
2026-03-18,95.75,93.50525665283203
2026-03-19,95.73999786376953,93.4955062866211
2026-03-20,94.87999725341797,92.6556625366211
2026-03-23,95.18000030517578,92.94862365722656
2026-03-24,94.86000061035156,92.6361312866211
2026-03-25,95.36000061035156,93.1244125366211
2026-03-26,94.58999633789062,92.3724594116211
2026-03-27,94.5999984741211,92.38220977783203
2026-03-30,95.2699966430664,93.03650665283203
2026-03-31,95.44000244140625,93.20252227783203
2026-04-01,95.04000091552734,93.12120819091797
2026-04-02,95.26000213623047,93.3367691040039
2026-04-06,95.01000213623047,93.09181213378906
2026-04-07,95.25,93.32696533203125
2026-04-08,95.45999908447266,93.53273010253906
2026-04-09,95.43000030517578,93.50334167480469
2026-04-10,95.2699966430664,93.3465576171875
2026-04-13,95.4800033569336,93.55232238769531
2026-04-14,95.79000091552734,93.85606384277344
2026-04-15,95.58000183105469,93.65030670166016
2026-04-16,95.41000366210938,93.48373413085938
2026-04-17,95.93000030517578,93.99324035644531
2026-04-20,95.83999633789062,93.90505981445312
2026-04-21,95.41999816894531,93.4935302734375
2026-04-22,95.5199966430664,93.59151458740234
2026-04-23,95.37000274658203,93.44453430175781
2026-04-24,95.55999755859375,93.6307144165039
2026-04-27,95.33999633789062,93.4151382446289
2026-04-28,95.25,93.32696533203125
2026-04-29,94.80000305175781,92.88604736328125
2026-04-30,94.9800033569336,93.06242370605469
2026-05-01,94.73999786376953,93.1332015991211
2026-05-04,94.38999938964844,92.78913116455078
2026-05-05,94.52999877929688,92.92676544189453
2026-05-06,95,93.38877868652344
2026-05-07,94.70999908447266,93.10370635986328
2026-05-08,94.95999908447266,93.34947204589844
2026-05-11,94.63999938964844,93.03490447998047
2026-05-12,94.31999969482422,92.72032165527344
2026-05-13,94.31999969482422,92.72032165527344
2026-05-14,94.26000213623047,92.66133880615234
2026-05-15,93.51000213623047,91.924072265625
2026-05-18,93.47000122070312,91.8847427368164
2026-05-19,93.11000061035156,91.53083801269531
2026-05-20,93.73999786376953,92.15016174316406
2026-05-21,93.80000305175781,92.20914459228516
2026-05-22,93.87999725341797,92.28778839111328
2026-05-26,94.27999877929688,92.6810073852539
2026-05-27,94.31999969482422,92.72032165527344
2026-05-28,94.54000091552734,92.93659210205078
2026-05-29,94.6500015258789,93.04473114013672
2026-06-01,94.16999816894531,92.88394927978516
2026-06-02,94.23999786376953,92.95299530029297
2026-06-03,94,92.71627044677734
2026-06-04,94.12000274658203,92.83464050292969
2026-06-05,93.62000274658203,92.34146881103516
2026-06-08,93.5199966430664,92.2428207397461
2026-06-09,93.77999877929688,92.49927520751953
2026-06-10,93.69000244140625,92.41051483154297
2026-06-11,94.33999633789062,93.0516357421875
2026-06-12,94.18000030517578,92.8938217163086
2026-06-15,94.27999877929688,92.9924545288086
2026-06-16,94.5199966430664,93.22917175292969
2026-06-17,94.0199966430664,92.73600006103516
2026-06-18,94.36000061035156,93.07135772705078
2026-06-22,94,92.71627044677734
2026-06-23,94.12000274658203,92.83464050292969
2026-06-24,94.7300033569336,93.43631744384766
2026-06-25,94.79000091552734,93.49549102783203
2026-06-26,95.02999877929688,93.73220825195312
2026-06-29,95.05999755859375,93.76178741455078
2026-06-30,94.56999969482422,93.27848815917969
2026-07-01,94.02999877929688,93.05187225341797
2026-07-02,94.12000274658203,93.14093780517578
2026-07-06,94.18000030517578,93.20030975341797
2026-07-07,93.69999694824219,92.72530364990234
2026-07-08,93.51000213623047,92.53728485107422
2026-07-09,93.70999908447266,92.73519897460938
2026-07-10,93.62999725341797,92.6560287475586
2026-07-13,93.29000091552734,92.319580078125
2026-07-14,93.55000305175781,92.57686614990234
2026-07-15,93.77999877929688,92.8044662475586
2026-07-16,93.72000122070312,92.74510192871094
2026-07-17,93.83999633789062,92.86383819580078
2026-07-20,93.54000091552734,92.56697845458984
2026-07-21,93.30999755859375,92.33936309814453
2026-07-22,93.0999984741211,92.13154602050781
2026-07-23,92.8499984741211,91.88414001464844
2026-07-24,93.02999877929688,92.06227111816406
2026-07-27,93.27999877929688,92.3096694946289
2026-07-28,93.55999755859375,92.58676147460938
2026-07-29,93.16999816894531,92.20082092285156
2026-07-30,93.20999908447266,92.24040222167969
2026-07-31,92.94999694824219,91.98310852050781
2026-08-03,92.81999969482422,92.16978454589844
2026-08-04,93.25,92.5967788696289
2026-08-05,93.30999755859375,92.6563491821289
2026-08-06,92.94999694824219,92.29887390136719
2026-08-07,93.16999816894531,92.517333984375
2026-08-10,92.76000213623047,92.11021423339844
2026-08-11,92.87000274658203,92.21944427490234
2026-08-12,92.95999908447266,92.30880737304688
2026-08-13,93.30000305175781,92.64643096923828
2026-08-14,93.04000091552734,92.38824462890625
2026-08-17,92.83999633789062,92.18964385986328
2026-08-18,92.93000030517578,92.27902221679688
2026-08-19,93.37999725341797,92.72586822509766
2026-08-20,93,92.34852600097656
2026-08-21,92.81999969482422,92.16978454589844
2026-08-24,93.01000213623047,92.35845947265625
2026-08-25,93.51000213623047,92.8549575805664
2026-08-26,93.31999969482422,92.66629028320312
2026-08-27,93.2300033569336,92.57691955566406
2026-08-28,92.8499984741211,92.19957733154297
2026-08-31,92.73999786376953,92.09034729003906
2026-09-01,92.0999984741211,91.78340911865234
2026-09-02,92.18000030517578,91.8631362915039
2026-09-03,92.27999877929688,91.9627914428711
2026-09-04,92.25,91.93289184570312
2026-09-08,92.16000366210938,91.84320831298828
2026-09-09,91.9000015258789,91.58409881591797
2026-09-10,91.18000030517578,90.86656951904297
2026-09-11,91.01000213623047,90.69715881347656
2026-09-14,90.93000030517578,90.617431640625
2026-09-15,90.81999969482422,90.5078125
2026-09-16,90.7300033569336,90.41812133789062
2026-09-17,91.25,90.93633270263672
2026-09-18,90.80000305175781,90.48788452148438
2026-09-21,91.1500015258789,90.83667755126953
2026-09-22,91.16000366210938,90.84664154052734
2026-09-23,90.19000244140625,89.87997436523438
2026-09-24,89.69000244140625,89.38169860839844
2026-09-25,90,89.69062805175781
2026-09-28,89.52999877929688,89.22224426269531
2026-09-29,89.44999694824219,89.14251708984375
2026-09-30,89.30999755859375,89.00299835205078
2026-10-01,89.30000305175781,89.30000305175781
2026-10-02,89.05000305175781,89.05000305175781
2026-10-05,88.91999816894531,88.91999816894531
2026-10-06,89.17500305175781,89.17500305175781
2026-10-07,89.11000061035156,89.11000061035156
